3,2.1,2.9,3.8,3,3.2,
7.2,3.2,5.7,6.4,5.9,5.4,
14.7,5.6,10.3,10.9,9.1,8.3,
13.6,3.6,7.4,6.8,6,5.3,
6.4,1.9,3.8,3.3,3,2.4,
10.3,2.7,5.4,3.9,3.9,4.2,
11.7,3.3,6.9,4.8,4.2,3.5,
14.8,4,8.7,5.2,4.7,4.3,
18.4,4.9,10.7,6.3,5.6,4.7,
22.3,5.8,12.6,6.8,6.3,5.4,
26.6,7,14.9,7.9,7.3,5.9,
31,8.2,17.4,8.3,7.6,6.3,
36.9,9.4,19.7,9.1,8.6,8.8,
51.7,13.3,27,12.1,11.3,9.7,
52.8,14.2,28.8,12.2,11.2,9.1,
58.3,15.6,32.3,13.1,12.2,10,
64.9,17.2,35.8,14.2,13,10.6,
71.9,19.4,40,15.1,13.7,11.5,
79.2,21.1,43.8,16,14.6,12,
86.5,23,48.6,17,15.8,13.1,
94.7,25.4,52.7,18.1,16.6,13.8,
102.8,28,57.5,19,17.9,14.6,
112.4,30.5,62.5,20.2,18.6,15.1,
121.9,32.6,67.4,20.8,19.5,15.9,
134.5,36.6,72.8,22.3,20.5,16.9,
133,35.9,73.5,22.4,19.5,16.2,
139.3,37.6,76.3,21.8,20.3,16.8,
145.1,39.7,80.2,22.4,20.5,16.8,
164.9,41.6,85.6,23.4,21.3,17.7,
164.9,44.5,91.5,24.1,22,18.1,
175.1,47.8,97.3,25,23.4,19.2,
186.4,50.6,103.6,26.8,25.3,19.5,
229.1,66.1,120.4,27.7,28.1,21.7,
208.9,57.2,115.5,27.9,25.8,21,
222,60.3,122.5,28.7,26.7,21.8,
236.3,64.4,129.3,29.4,27,22.4,
258.1,69.8,140.6,31.5,29.8,23.9,
271.7,74.3,148.9,32.4,30.5,24.9,
285.6,77.9,156.5,33.7,31.7,25.7,
298,81.7,164.2,34.5,32.7,26.5,
314.4,85.7,172,35.8,33,27.2,
328,89.3,180.7,36.9,34.4,28.2,
342.8,93.4,188.2,37.5,35.3,28.7,
360.3,97.7,197,38.6,35.6,29.2,
374.6,102,205.2,39.4,37.2,30,
392,106.6,214.7,40.6,38,30.7,
408.9,111.6,223.4,41.6,38.7,31.4,
423,117.3,232.6,42.3,40.1,32.5,
444.7,120.3,241.8,43.1,41.2,33,
452,123.8,246.1,42.8,40.5,33.1,
456,124.2,249.6,42.7,40.6,33.4,
474,129.3,259.1,44.1,42.1,33.9,
495.3,137.1,268.6,45.2,42.3,34.7,
509.8,138.4,278.7,46.5,43.6,35,
528,144.1,288.6,47.2,44.5,36,
552,153.6,299.9,48.6,45.3,36.9,
571.8,154.6,311.7,49.2,46.2,37.6,
583.3,158.8,320.4,49.9,47.1,37.8,
640.8,165.4,334.7,51.7,49.2,39.5,
648.2,173,348.5,53.3,50.3,40.4,
661.9,180.2,359.7,54.4,51.6,41.1,
694.6,188.3,370.3,55.4,52.6,41.8,
729.5,194.8,381.8,56,53.3,43.2,
723.1,197.7,395.6,55.9,53.6,43.6,
743.5,206.6,403.1,57,54.6,43.7,
756.7,205.3,413.3,57.5,54.6,46.8,
775.4,212.1,421.9,58.7,56,44.7,
807.9,218,434,59.5,56.5,45.6,
849.2,232.7,453.6,62.6,60.3,52.5,
866.7,236.6,470.2,63.2,58.6,48.1,
893.9,240.7,483,64.4,60.2,49.4,
916.8,248,498,69.8,61.1,49.7,
951.2,256.6,512.5,66.7,62.2,53.7,
965.3,265.2,523.3,66.9,63.1,51,
1001,271.5,537.1,67.4,64.5,52.1,
1019.1,278.7,551.8,68.7,65.3,52.6,
1042.6,283.8,565.3,69.3,66.8,53.6,
1114,295.3,602.5,72,76.1,58.4,
1157.5,306.8,593.8,70.9,67.1,54.2,
1098.5,298,595.9,71.4,68.1,54.9,
1131.7,308,610.3,73.1,68.7,55.8,
1155.2,316.1,625.1,74.1,70,56.4,
1188.2,323,640.5,74.8,70.6,56.8,
1216.9,333.8,654.5,76.5,74.7,58.6,
1247,338.5,673.5,76.9,72.7,58.6,
1266.2,347,686.3,77.4,73.1,59.4,
1307.4,361.4,702.6,78.7,74.3,60.3,
1335.3,364.4,717.7,79.7,75.8,60.9,
1366.9,373.6,733.7,80.5,75.8,62.3,
1389.2,381.5,750,81.3,77.6,62.7,
1418.8,389.7,766.1,82.6,78.4,63.4,
1454,394.9,782.8,83.8,81,64.8,
1491.2,403.9,802.2,84.2,81.1,65.3,
1518.7,417.8,819,85.9,82.5,66,
1548.7,423.1,833.3,86.9,82.3,66.5,
1586.7,430.5,851,88,84.2,67.3,
1626.1,440.5,868.5,89.6,85.4,69.2,
1657.6,448.6,885.5,89.9,86.1,69.4,
1686,460.4,905.5,91,86.9,70.7,
1731.5,493.8,946.6,95.7,91.6,71,
1772.6,479,946,92.5,91.8,72.2,
1791.5,491.7,960.5,93.2,90.6,73.2,
1827.2,493.6,976.3,96.2,92.1,73.6,
1860.5,513.8,995.9,96.2,92.6,74.2,
1908.1,530.2,1022.7,97.6,92.7,75.2,
1941.9,527.4,1036.6,98.3,93.6,75.5,
1973.5,537.9,1079.4,99.8,94.8,76.2,
2016.4,550.6,1077.8,115.5,98.9,77.5,
2072.4,559,1107.4,105.1,99.7,78.3,
2091.3,568.6,1114.7,103.4,97.4,78.7,
2205.2,626.4,1174.3,108.7,106.1,84.5,
2226.4,608.6,1183.6,108,102.5,82.3,
2268.2,612.9,1196.8,108.8,103.6,82.7,
2336.6,630.1,1219.4,111.5,105.3,84.1,
2395.2,638.3,1241.2,110.5,105,84.6,
2383.9,653.1,1262.9,111.5,105.4,85.6,
2432.8,661.3,1283.7,112.5,107.6,85.6,
2476.5,670.7,1302.9,113.1,106.6,86.1,
2495.9,673.1,1304.3,112.8,105.9,85,
2624.7,694.7,1327.3,113,109.8,85.9,
2687.6,727.1,1456.2,128.5,118.2,93.3,
2703.2,738,1441.5,120,114.1,90.9,
2780.2,736.1,1470.2,127.9,115.1,92.7,
2817.9,757.4,1490.8,124.3,121.8,93.4,
2837,770.9,1492.2,122.9,116.4,93.8,
2865.7,771,1526.6,123.5,117.9,94.7,
2922.2,778.9,1552.8,121.5,115.7,93.4,
2950.7,789.8,1555.1,134.8,118.3,96.8,
3022.6,812.2,1591.9,126.2,121.2,99.9,
3027,814.2,1609.5,125.9,128.1,100,
3072.1,824.6,1632.6,136,124.5,99.8,
3092.2,857,1645.7,132.7,121,97.6,
3153.7,857.5,1668.8,131.1,122.2,98.3,
3186.8,856.5,1680.5,129.9,123.6,99.8,
3208.7,863.6,1677.4,129.7,122.7,98.8,
3273.8,872.1,1689,129,122.7,99.3,
3271.9,890.8,1762.1,139.9,132.4,108.3,
3309.8,905.6,1735,134.5,128,100.5,
3364.3,902.5,1773.2,132.7,125.9,101.1,
3396,913.8,1784.5,133.7,126.8,102.1,
3463.1,930.2,1829.9,150.5,145.6,111.8,
3504.8,942.3,1846.4,136.2,132,104.4,
3573.2,959.5,1866.9,137.4,130.9,104.5,
3615.7,973.9,1886.9,140.1,132.2,105,
3701.9,1005.8,1938,143.5,133.5,106.6,
3843.1,1020.7,1979.6,149.6,141.7,110.7,
3856.7,1035.3,2013.7,143.4,137.9,109.7,
3911.2,1051,2038.2,144.4,139.2,110.7,
3985.1,1064.8,2059.9,145.8,140.7,111.8,
4020.9,1068.4,2091.3,146.5,141.6,112.9,
4069.8,1089.9,2128.3,147.7,142.8,113.6,
4138.8,1104.6,2139.9,148.7,142.1,114.9,
4169,1121.2,2175.4,149.2,145.6,116.7,
4285.8,1148.8,2219,150.1,144.4,115.9,
4339.4,1161.7,2262.1,152.9,147.3,118.2,
4451.7,1198,2316.9,157.6,149.9,120.3,
4411.2,1197.2,2290.6,154.4,149.8,119.3,
4476.3,1200.2,2314.2,156.2,148.1,120,
4626,1220.2,2342.9,156.9,150.8,123,
4589.7,1224.7,2382.3,158.7,155.6,120.4,
4669,1281.5,2418.4,159,153.2,121.9,
4713.5,1259,2433.4,161.9,153.8,122.1,
4794.4,1276.8,2467.7,163.4,154.4,123.1,
4835.1,1285,2489.5,163.1,156.7,125,
4881,1302.3,2519.7,163.1,157.7,125,
4959.7,1317.4,2558.6,164.8,160.1,128.6,
5019.6,1338.8,2588.4,165.8,159.9,126.1,
5111.2,1352.9,2613,167.1,158.9,127.8,
5143.4,1362.1,2648.1,171.7,160.6,127.8,
5199.7,1382.5,2712.9,171.1,161.4,128.9,
5280.9,1395.9,2705.8,170.4,163.2,130.2,
5339.7,1408.5,2737.9,171.6,163.1,130.7,
5433,1420.8,2768.8,172.1,165,131.6,
5482.5,1459.6,2803.2,184.4,167.1,132.4,
5526.3,1459.4,2832.6,180.2,166.7,133.9,
5600.3,1477.6,2872.3,178.1,169.7,135.4,
5682.5,1492,2912.1,175.9,169.2,135.4,
5729.7,1510.1,2928,176.4,174.3,135.7,
5817.1,1528.2,2987.1,185.4,171,141.9,
5912.4,1538.3,2988,179.6,172.1,138.8,
5929.6,1547.3,2995.3,177.9,172.3,138.4,
6013.1,1570.2,3064.2,181.5,176.4,138.8,
6058.6,1601,3092.5,183,175.2,139.8,
6126.8,1605,3127.9,184,179.7,142.6,
6234.3,1636.5,3163,185.3,178.6,141.7,
6292.4,1644.4,3204,187.6,180.8,143.5,
6336.1,1667.7,3224.4,187.6,179.7,144.4,
6417.7,1692.9,3275.6,192.1,182.4,145.5,
6484.5,1697.6,3303,189.3,181.4,145.6,
6916.1,1804.4,3281,194.5,186.2,148.7,
7835.1,2014.9,3217.8,206.1,196.9,156.2,
7908.8,2038.1,3246.7,208.5,196.3,157,
8051.4,2059.9,3284.9,210.1,199.8,156.6,
8012.4,2048.7,3380.7,214.9,203.7,155.4,
6940.2,1810.1,3512.9,197.8,189,153.6,
6994.7,1807.6,3506.4,194.9,186.8,151.4,
6966,1812.4,3526,193.9,190.5,150.3,
7158.9,1866.7,3614.1,199,192,152.9,
7273.7,1888.2,3650.5,199.5,194.4,153.2,
7300.3,1908.8,3689.2,200.9,194.4,156.8,
7409.7,1924.6,3738.3,202.3,195.1,155.7,
7499.3,1950.6,3761.6,205.6,196.5,159.8,
7647.8,1966.1,3832.3,208.3,202.2,157.9,
7631.9,1982.9,3848.6,207.1,198.3,158.4,
7736.5,2002.1,3870.1,204.7,200.7,160.1,
7778.8,2029,3944.7,207.1,201,160,
7839.8,2035,3945.4,208.9,201.9,162.1,
7986.3,2053.6,3957.1,207.9,203.7,160.6,
7846.1,2042.7,3961.5,206.9,200,160.5,
8030.4,2065.3,4018.6,213.1,202,165.1,
8147.5,2117,4096.8,215.6,207,163.7,
8300.9,2140.1,4136.2,215.6,206.1,166.6,
8419.2,2149.8,4177.3,216.6,208,166,
8394.2,2178.3,4219.3,219.5,208.2,166.8,
8540,2197.5,4267.2,220.7,211.1,167.6,
8598.8,2218.3,4288.1,220.1,208.9,168.8,
8710,2245.8,4369,225.5,214.1,169.6,
8747.2,2246.9,4359.1,222.3,220.1,170,
8871.6,2295.9,4407.6,223.7,214.7,170.7,
8974.4,2292.7,4468.3,225.2,216.2,172.1,
9080.5,2310.8,4526.5,226.9,217.4,173.7,
9096.7,2338.6,4558.7,231.6,219.6,174.5,
9135.5,2314.9,4535.8,229.7,218.3,172.8,
9082,2324.8,4533.6,230.4,218.1,171.8,
9143.5,2346.8,4567.2,245.8,221.5,175.1,
9386.5,2400.1,4705.3,231.3,220.9,176.3,
9608.6,2450.8,4737,237.7,224,177.8,
9645.9,2464.3,4786.3,233.8,227.2,179.2,
9861.8,2499.9,4834.9,235.1,226.8,180.2,
9804.9,2512.7,4857.4,237.9,225.9,182,
9952.6,2535.3,4904.6,236.3,228.6,181.6,
10028.2,2580.5,4942.4,237.7,230.4,183.2,
10124.8,2578.9,5014.4,240,230.1,183.9,
10200.6,2615.3,5064.1,241.5,231,188,
10297.9,2626,5071.4,242.8,231.5,184.4,
10359.7,2652.9,5117.2,246.4,234.1,186,
10467.9,2668.2,5145.1,251.8,232.6,186.8,
10521.5,2718.1,5188.8,247.8,233.5,187.7,
10660.1,2735.8,5264.5,246.4,240,192.3,
10542.9,2685.5,5182.3,245.9,230.8,185.5,
10599.6,2702.2,5221.3,243.7,233.8,186.4,
10751.5,2733.2,5261.2,247.8,235.8,188.2,
10901.9,2788.3,5355.4,252.8,239.7,190.4,
11183.6,2833.6,5479.4,252.2,242.8,195.2,
11042,2810.5,5449.6,255.9,243.4,189.4,
11172.4,2811.9,5435.8,250.7,239.7,189.6,
11190.1,2847.5,5476.7,250.1,239,191.9,
11451.3,2905.4,5616.2,254.7,244.2,195.7,
11655.7,2994.8,5723.4,256.9,249.4,197.4,
11719.4,2980.7,5730.3,258,254.1,197.8,
11562.4,2936.3,5648.2,255.8,251,196.2,
11617.2,2949.6,5700,256.6,245,195,
11821.2,2985.6,5759.1,255.9,246.6,196.7,
12079.5,3057,5910.8,263.5,255.4,204.5,
11990.9,3019.1,5839.3,255.6,249.1,198.2,
12098.7,3039.7,5879.5,256.2,250.2,204.3,
12181,3078.1,5921.5,261.2,250.5,200.4,
12357,3112.1,6030.1,261.8,263.7,203.3,
12661.3,3203.3,6153.6,266.6,261,207.7,
12695.1,3199.9,6200.7,268.4,260.5,207.4,
12838.4,3227.6,6240.8,269.9,261.4,207.7,
12965.1,3257.6,6301.8,271.5,263.3,208.5,
13008.5,3288.5,6378.4,271.1,270,213,
13145.7,3312.4,6390.4,275.2,265.2,210.8,
13278.4,3340.1,6435.7,274.7,267.1,213.9,
13305.8,3355.8,6489.4,278.7,269.4,212.5,
13438.6,3371.3,6543.7,278.8,265.9,214,
13296.8,3338.1,6440.9,272.2,262.4,214.9,
13450.2,3364.5,6479.7,275.2,268.5,211.3,
13546,3377.9,6530.3,274.6,273.9,211.9,
13735.6,3407.5,6596,284.3,280.1,221.6,
14039.6,3500.6,6777.5,283.4,274.2,220.4,
14206.8,3538.5,6821.4,284.6,276.6,220.4,
14327.7,3552.7,6890.3,285.7,275.7,219.2,
14462,3591.9,6922.8,287.1,276.4,223.5,
14328.1,3549.7,6901.3,288.8,272.6,217.9,
14273,3547.3,6872.2,287,273,216.3,
14459.5,3603.1,6987.7,289.6,278.9,220,
14782,3665,7090.2,291.1,282.1,223.9,
14641.9,3665.3,7017.8,289.6,276.6,220.5,
14747.7,3651.7,7067.8,287.8,278.5,220.3,
14893.4,3675.2,7132.4,288.9,279.9,223,
15040.9,3715,7204.6,294.7,279.1,223.8,
15037.3,3740.6,7227,293.4,280.7,223,
15166.1,3758.1,7279.9,292.4,281.8,223.5,
15640.3,3844.8,7469.7,303.3,287.5,232.8,
15773.1,3902.9,7546,301.7,294.1,234.1,
15632.1,3842.6,7463.6,296.2,284.8,228.3,
15654,3864.9,7485.1,297.4,284.7,227.6,
15804.9,3910.6,7564.6,303.1,287.9,228.5,
16024.2,3935.4,7589.8,304.1,290.4,229.6,
16299.9,4031.1,7799.6,306.7,300.6,235.2,
16422.3,4056.6,7857.5,310.4,302.5,234.9,
16403.7,4024.2,7761.6,307,294,238,
16529.4,4111.3,7892.5,306.4,297,234.9,
16897.3,4148.7,8012.8,310.6,307.1,241.4,
16946.2,4143.7,8031.7,315.6,300.9,239.1,
16806.7,4124.1,7955.4,304.9,296.7,234.5,
16901.6,4142.2,8038.6,312.3,295.7,237,
17136.2,4171.2,8063.1,307.5,299.6,237.5,
17090.3,4197.6,8103.1,312,300.6,239.4,
17290.8,4231.8,8161.3,309.5,300.7,238.5,
17449.6,4278.2,8226.3,313.4,303.6,238.8,
17797,4363.4,8436,318.4,309.6,247,
17962.8,4406.1,8523.8,319.7,314.6,249.6,
18111.6,4448.5,8590.3,326.1,316.7,249.2,
18401.1,4481.4,8611.4,319.7,313.5,252.5,
18400.3,4489.7,8668.9,324.8,312.3,255,
18522.6,4513.7,8687.1,322,310.3,249,
18667.9,4544.5,8839.5,326.5,319.9,251.1,
18435.3,4505.6,8667.9,321.7,314.8,245.7,
18759.5,4617,8852.3,326.9,315.8,250.6,
18989.2,4655.5,8919.7,330.3,322.1,253.2,
18816.5,4613.8,8805.5,323.7,316.7,249.6,
19027.4,4701.3,8928,327.2,316.2,252.4,
19452.8,4752.8,9117.1,340,323.5,258.2,
19149.9,4657.6,9026.3,329.7,322.2,253.3,
19404,4708.7,9027.1,329.6,315.7,264.9,
19743.3,4830.2,9258.7,334.5,324.1,257.4,
20006.8,4869.3,9349.9,337.4,328.5,260.2,
20228.8,4870.3,9430.6,338.8,333.7,261.8,
20227.3,4922.6,9529.5,356.6,338.9,262.5,
20349.5,4948.2,9525.4,343.2,328.6,263.8,
20539.5,5014.9,9620.2,343.8,331.3,263.1,
20666.9,5004.1,9646.5,348.8,334.4,268.8,
20802.9,5062,9708.1,346,335,266.8,
21032.8,5105.5,9812.6,349.2,338.5,271.6,
20646,4999.6,9604.1,341,331.9,263.2,
20753,5047.2,9668.1,344.1,329.7,263.6,
21038.4,5160.6,9842.8,346.2,337.2,268.9,
21578.2,5202.1,9992.1,352.8,340.7,269.6,
21367.2,5185.7,9951.1,346.2,338.1,273.9,
21599.7,5201.4,10045.7,353.3,340.2,269.1,
21873.6,5300.1,10181.8,354.5,343.1,273.4,
21920.8,5299.1,10154.2,352.5,344.8,272.8,
21728.2,5260.8,10075.9,349.9,349,269.4,
21965.9,5271.6,10136.2,350.9,340.2,274.1,
22405.3,5410,10362.4,357.1,347,275.4,
22668.9,5467.9,10487.2,366.9,348.2,276.9,
22911.8,5511.3,10515.1,363.3,352.5,282,
22486.2,5421.9,10389.7,355.6,346.1,273.9,
22511.3,5440.5,10436.8,356.3,354,274.7,
23039.2,5538.9,10705,366.1,354.1,279.7,
23326.8,5628.2,10802.2,366.7,355.3,282.7,
23559.7,5655.8,10859,370,353.9,281.5,
23725.2,5675.4,10911.5,371,361.4,285.4,
23834.2,5710.8,10996.6,369.8,358.7,289.2,
23727.8,5631.6,10850.4,367.1,351.1,280.4,
23686.4,5666,10865.8,370.1,350.9,281.2,
23742.4,5713.3,10978.8,364.1,358.2,281.5,
23995.4,5746.3,11009.9,368.1,361.4,286.3,
24520.1,5886.7,11312.7,377.6,365.6,289.4,
24301,5808.8,11131.6,367.4,356.2,286.1,
24466.3,5869.2,11329.5,371.3,359,291.3,
25003.2,6008.6,11548.3,376.9,373.8,292.4,
25177.2,6004.7,11565.3,383.8,368.3,293.7,
25207.3,6056.9,11525.6,375.9,368.7,292,
24987.1,5952.5,11432.6,370.7,362.4,288.3,
25587.4,6081.3,11712.8,375.5,368.8,297.1,
25876.5,6191.7,11929.4,382.1,371.9,298.4,
26981.7,6453.5,12364.9,397.6,388,317.7,
26746.1,6400.8,12252.6,402.3,398,311.7,
26861.8,6462.3,12217.2,400.9,377.6,307.3,
27116,6466.8,12327.2,413.3,386.2,304.8,
27026.4,6480.3,12310,417.9,384.6,305.8,
26925.1,6398.2,12349,398.7,384.3,307.9,
26199.7,6282.7,12046.3,382.4,376.2,296,
26760.2,6396.9,12261.3,389.3,381.9,302.3,
27216.8,6473.1,12399.9,394.5,383,309.1,
27233.7,6561.4,12508.7,394.9,386.6,309.6,
27150.6,6380.5,12261.6,388.4,381.3,304.3,
27240.8,6476.8,12472.7,391,380.5,305.8,
27777.6,6592.9,12637.6,397.6,388.9,307.7,
27620.4,6614.9,12618,394.4,382.8,311,
27733.1,6560.7,12573.7,393.4,387.6,309.3,
27755.3,6635.3,12645.9,395.8,385.5,305.6,
27962.9,6632.5,12682.8,396.1,384.2,305.7,
28722.3,6804,13124.7,404.7,393.3,319.6,
28289.8,6709.6,12887.2,399.6,390.1,312.9,
28506.3,6720.1,12862.1,401.8,388.2,310.8,
28885.6,6786.1,13014.4,403.7,392.6,311.6,
29045,6823.3,13162.5,404.7,394.7,320.9,
29740.8,7019.7,13479.2,411.1,396.9,317.1,
30520.7,7203,13789.7,427.1,419,327.5,
30891.3,7431.4,14058.9,429.1,426.6,331,
31228.8,7283.7,14040.1,431,413.5,329.9,
30868.5,7245.8,13875.4,421.5,409.8,331.6,
30900.4,7293.3,13983.7,420.6,413,324.4,
30877.3,7219.6,13825.5,420.8,429.9,321.7,
31858.7,7442,14318.6,436.5,451.1,335.1,
31656.4,7419.8,14208.4,430.3,414.5,340.2,
31984.3,7546.2,14417.5,434,424,336.4,
31531.3,7382.1,14252.8,434.6,429.6,331,
31923.6,7470.2,14306.4,429.6,418.9,331.5,
31164.6,7301.4,14083.3,431,411.7,321.9,
31277.5,7302.8,14105.3,422,405.6,323.5,
31689.6,7358,14200.9,420.5,414.3,324.4,
31386.2,7397.3,14143.7,423.3,422.9,324.5,
31991.8,7493.2,14392.3,430.9,416.5,328.4,
32441.6,7602.5,14587.9,430.4,421.4,333.4,
32430.6,7556.5,14493.5,429.5,420.2,338.1,
32167.6,7522.6,14403.1,422.6,412.2,327.4,
32948.8,7723.3,14786.6,437.8,425.6,335.7,
33318.8,7816.8,14955.7,438.2,426.1,339.8,
32933.9,7675.3,14643.9,425.4,416.8,336.3,
33095.2,7687.5,14751.8,428.2,418.8,338.1,
33676.1,7854,15079.8,435.8,431.4,337.6,
33677.8,7895.6,15034.8,437.2,429.6,337.9,
34184,7961.7,15236.9,437.5,430.2,341.3,
33909.3,7909.2,15047.6,435.2,425.9,335.5,
33916.7,7837.8,15130.2,433.7,422.9,337,
34530.5,8062.7,15474.6,443.4,438,344.3,
34296.7,8025.3,15338,445.2,433.6,342.4,
34277.4,7964.4,15341.7,438,427,339.2,
35151.8,8200.4,15697,452.8,434.9,347.7,
35168,8193.8,15700.1,447.9,435.2,349.5,
35639.3,8233.9,15819.7,452.6,434.1,348.8,
35579.9,8245.9,15767.3,450.4,438.4,347.4,
35430,8262.3,15833.7,450.8,434.3,348.8,
35658.8,8178.4,15719.2,448.9,433.6,345,
35711.1,8248.9,15871.3,449.8,438.1,357.1,
37489.3,8610.7,16558.2,471.9,455.1,361,
36575.2,8403.9,16152.1,454.6,440.1,354.1,
36273,8407.4,16097.2,458.4,450.2,351.9,
36469.5,8383.5,16098.9,455.8,441.5,351.5,
36919.8,8477.8,16333,477.4,444.7,355.9,
37393,8633.3,16588.6,468.8,456.6,369.5,
37007.4,8528.2,16390.7,458.1,449.6,366.3,
37100.3,8554,16508.9,459.1,446.6,354.4,
37905.6,8737,16800.7,468.9,460.7,360.2,
38355.3,8787.8,16905.1,470.1,459.9,360.7,
38410.5,8832,16946.7,472.5,459.8,361.1,
38682,8910.8,17052.8,476.5,459.2,366.4,
39108.8,9097.1,17322.9,473.4,459.8,380.1,
39935.6,9172.8,17582.9,490.5,460.5,373,
40235.1,9307.6,17844.2,488.3,471.9,378.6,
40689,9350.6,17920.8,489.4,476.7,378.6,
39256.9,9036.6,17256.2,474.1,454.1,362.6,
38950.3,8981,17219,475.2,454,360.1,
39327.6,9081.3,17333.8,477.2,458.8,365.9,
40402.3,9186.9,17606,481.6,464,371.8,
40063.3,9196.5,17642.5,481.9,463.6,369.1,
40458,9294.5,17903.5,486.3,474.6,374.2,
40667.6,9293.5,17813.5,490.6,478.6,372.9,
40608.3,9319.1,17822.8,485.6,467.3,373.8,
40698.2,9302.5,17939,489.2,468,374.1,
41160.3,9431.9,17965.4,489.7,469.8,372.1,
41070.2,9374.5,18041.9,486.7,473.2,371.7,
40909.5,9389.8,17929.9,486.3,465.3,370.1,
42019.8,9649.3,18467.4,495.5,480,381.5,
42111.3,9685.1,18419.3,494.1,482.3,377.7,
41441.1,9478.3,18247.8,488.8,472.6,376.2,
42185.3,9721.8,18715.5,498.2,480.7,385.6,
43025.1,9876.9,18689.1,501.6,478,383.2,
42838.8,9781.4,18692.7,496.3,484,383.1,
42242,9609.9,18506.4,490,479.1,377.9,
42991.3,9821.6,18851,496.8,486.1,382.9,
43458.3,9931.9,19019.9,500.3,487.1,393.4,
42833.9,9765.6,18737,492.8,478.2,380,
43711.8,10017.7,19195.2,506.6,489.1,396,
44218.8,10108.3,19382.3,505,489.9,391.6,
44363.9,10097.5,19352.7,512.9,490.1,400.3,
44210.8,10113.4,19400.4,507.5,493,395.2,
44507.8,10096.2,19359.4,507.6,491,392,
44640,10246.4,19447.9,509.2,493.1,390.5,
45134.9,10277.6,19652.7,512.3,501.2,392.3,
44445.1,10125.8,19403.6,506.7,485.6,387.8,
45919.9,10437.7,20034.6,520.3,502.4,397.6,
47056.7,10628,20376.2,529.1,514.3,405.2,
45768,10372.2,19862.6,521.8,495.3,395,
45296.3,10329.8,19800.7,512.3,491.2,392.5,
45419.1,10341,19807.5,513,491,392.9,
46273.6,10434.6,20038.1,514.8,498.7,397.9,
45935.3,10391.6,19965.5,515.9,497.6,392.2,
46417.5,10506.3,20184.8,520.5,498.4,396.2,
47246.2,10708.1,20534.1,524.9,506.6,403.2,
46913.7,10556.7,20220.2,516.4,505.5,396.9,
47508,10724.5,20627.7,524.9,512.6,402.6,
46951.7,10735.6,20433.4,521.4,500.9,401.2,
47876.7,10805,20830.3,529.4,513.6,403.7,
47388.6,10738.6,20569.8,521,508.8,403.5,
48243.6,10973.1,21041.6,534.8,517.2,407.8,
48468.2,11050.7,21058,540.1,519.3,411.9,
49016.9,11070.7,21288.2,534.4,515.6,411.9,
48979.8,11069.7,21290.9,532.4,514.6,408.2,
49057.6,11039.1,21313.7,536.1,514.3,408,
49120.6,11179.8,21380.1,538.5,517.5,413.7,
49654.4,11185.1,21485.7,538.9,521.5,411.4,
49759.1,11221.7,21652,539.1,518.1,418.4,
50500.2,11399.2,21824.2,545.8,524.9,417.2,
50640.9,11472.1,21927,549.8,526.3,417.9,
50509.4,11278.2,21666.9,536.8,528.4,419.5,
50122.7,11276.2,21683,534.1,518.5,411.7,
50169.6,11344,21761.3,539.2,525.2,412.3,
51243.6,11658.7,22278.2,550.7,532.5,422.7,
50792.7,11403.3,21916.9,538.1,524.9,422.1,
51474,11599,22351.7,545.6,532.9,422.2,
51927,11741.3,22477.6,552.2,542.5,421.8,
52049.9,11744.1,22468.3,548.1,536.7,425.1,
52321.3,11761.2,22573.2,548.9,539.1,432.7,
51975.7,11694.1,22464.3,546.6,529.1,426.5,
53102.6,11913.6,22772.6,551.3,537.1,424.3,
52657.2,11820.7,22611.5,549.2,532.9,425.8,
53008.7,11867.2,22876.5,553.3,538.2,427.4,
53393,11977,23065.1,554.3,553.4,433.3,
54233.6,12099,23278,563.6,554.6,437.1,
54420.4,12182.9,23368.6,564.8,548.9,440,
54389.8,12127,23364.4,556.2,546.3,435.7,
53831.2,12124.7,23376.9,553.1,544.8,432.1,
54519.1,12229.3,23469.8,557.9,543.6,432.3,
54087,12143.9,23330.8,556.4,542.9,433.9,
54206.6,12137.4,23340.9,551.4,544.8,431.2,
54393.8,12228.1,23463.8,553.5,538.3,431.2,
56076.5,12518.8,23982.8,569,555.9,438.7,
55460.5,12318.1,23662.5,558.2,544.6,434.4,
55239.1,12400.9,23851.4,562.9,554.1,432.5,
56433.2,12717.9,24263.8,573,558.2,445.6,
56913.7,12688.7,24376.3,572.5,559.6,448.4,
55876.9,12579.1,24042.1,564.7,555.1,437.6,
56414.8,12614.1,24229.8,571.6,562.3,443,
57296.6,12867.8,24545.2,577.3,563.7,444,
57329.9,12812.3,24517.1,581.8,565.1,450,
57950.4,12915.1,24759.4,581.1,569.1,447.9,
56916.7,12764.7,24426.3,575.9,562.9,438.9,
58065.9,12966,24868.7,586.3,567.3,448.8,
58092.3,12959.6,24841.3,577.8,567.4,449.2,
58759.4,13068,25040.2,582,569.2,448.9,
59050.9,13187.3,25245.4,585.7,564.2,451.4,
59090.4,13225.7,25237.2,582.3,565.5,456,
58840.2,13167.2,25215.3,582.4,564.7,454.8,
59077.4,13149.4,25289.1,584.5,563.4,447.1,
59342.5,13159.7,25320.8,591.8,567.3,462.8,
60089.4,13382.9,25732,591.4,570,454.2,
59703.3,13308,25772.7,588.7,575.3,453.2,
61964.3,13703.8,26219.7,600.9,582.5,464,
60159.2,13399.3,25643.5,596.3,581.1,454.5,
61390.8,13609.5,26066.2,600.6,577.5,464.8,
60673.8,13492.3,25870.5,590.8,576.6,455.6,
61587,13707.3,26137.9,594.4,575.8,458.9,
61515.1,13712.4,26240.5,596.6,584.7,464.3,
60893,13569.3,26048.1,597.2,580.6,455.7,
61959,13858,26489.2,605.8,581.7,462.4,
62364.7,13844.7,26470.6,600,586.4,463.9,
62337.7,13835.1,26666.3,599.7,588.1,462.2,
63785.6,14111.2,27108,612.8,602.1,473.4,
62891.3,13900.5,26722.8,602.9,591.8,462.9,
63225.1,13984.4,26794.7,611,588,464,
64085.7,14246.3,27267.5,617,594.7,470.5,
63518.9,14149.3,27017.8,611,600.1,468.8,
64647.2,14364.6,27486,616.2,598.3,478.3,
64984.7,14426.8,27609,616.4,607.8,472,
64975.8,14422,27672.9,620.6,609.3,482.7,
65154.9,14472.9,27724.6,625.1,604.7,479.5,
65750.3,14467,27765.3,624.7,595.8,474.5,
65791.1,14527.6,27804.7,621.4,598.9,478,
66032.1,14607.9,27929.2,619.4,600,481.8,
65867.1,14548.1,27989.5,619.8,600.9,476.8,
66389.4,14788.5,28279.6,624.6,604.4,487.9,
67078.9,14771.3,28384.2,627.5,609.6,482.6,
66658.3,14655,28149.2,624.9,606.8,481.8,
66881.7,14728.4,28265.6,621.3,600.9,478.7,
67053.8,14742.1,28224,619.7,608.1,479.4,
67087.8,14842.8,28481.4,630.9,612.1,484.9,
68183.7,15085.2,28901,639.3,612.6,488.8,
69454.2,15191.2,29337.9,641.9,621.9,490,
69096.3,15303.7,29173.6,637,614.5,502.8,
69099.6,15187.1,29184.3,636,606.1,487.9,
69510.4,15309,29304.2,640.4,620.9,494.2,
69342.9,15332.1,29291.3,644.6,612.8,495.9,
69244.4,15337.8,29314.4,639.7,614,490.4,
69288.5,15253.6,29237.6,637.4,625.7,494.5,
69652.5,15322.2,29318.7,634.8,630.6,491.8,
69721.3,15396.3,29490.9,642.1,627.4,489.4,
70288,15587.6,29549,643.4,630.1,491.9,
70109.3,15415.1,29633.3,641.8,620.2,489.8,
69892.6,15390.5,29477.4,634.2,615.5,483.5,
71362.3,15656.5,30045.3,657.7,635.8,504.8,
71245.7,15681.2,29899.9,642.8,622.1,497.3,
71072.7,15658.2,29926.9,641.5,628.7,494.3,
71470.5,15700.6,30193.6,643.9,626.2,494.5,
71198.9,15665.2,30012.2,639.5,619.3,495.8,
71826.4,15800.1,30435,647.8,635.5,498.4,
73222.7,16057.8,30852.5,659.6,635.9,505.1,
73223.8,16038.6,30844.8,660.5,636.6,504.7,
73442.1,16031.2,30749,651.5,639.2,503.1,
73661.3,16102.3,30864.4,656.6,630.4,501.4,
72550.2,15947.1,30682.8,654.9,639.5,507,
73276.3,16066.9,30792.8,653.7,626.3,501.9,
73719.4,16087.7,30849.5,653,634.9,501.4,
74131.5,16304.6,31007.9,653.8,634.6,502,
73945.1,16314.4,31211.2,651.7,634.2,501.9,
74433.8,16287.3,31399.4,653.2,640.4,505.6,
74523.2,16361.9,31427.2,661.8,636.5,508.8,
75869.9,16710,32076.4,668.1,655.7,520.1,
76719,16800.2,32141.7,668.2,654,515.3,
75618.2,16558.6,31566.7,658.4,643.3,509.7,
75580.4,16510.1,31632.6,655.8,636.5,510,
75978.5,16623.6,31911.4,660.1,645.1,513.1,
76550.2,16600.9,31803.2,656.9,645.9,518.4,
77039.9,16859.4,32285.5,664,651,517.9,
77643.8,16927.9,32508,670.7,658.2,522.2,
78108.1,17112.5,32762.2,675.3,660.3,525.1,
78271.1,17088.5,32758.2,675.2,672.8,526.2,
78147,16957.5,32699.8,671.9,653.7,519.4,
77997,17071.2,32718.2,668.7,649.3,524.6,
78325.8,17081.1,32846.6,673.2,656.8,519.3,
79995.2,17470.2,33414.8,677.9,662,526.5,
79475.7,17409.8,33257.9,676.2,659.1,522.1,
81319.5,17722.5,33879.7,693.8,681.6,529,
82226.1,18035.5,34565.6,700.7,693.4,546.1,
83451.9,18015.3,34565.8,700,679,539.9,
82467.4,17963.3,34583.4,699.5,671.5,535.5,
81154.4,17757.9,33886.3,678.5,668.2,540.9,
84913.9,18563.8,35691,725.9,710.1,561.8,
84607.7,18389.1,35146.4,711.9,702.3,559.4,
83942.4,18175.8,35017.4,701.7,682.6,550,
84625.1,18244.6,35090.3,698.4,688.8,551.4,
85109,18353,35403.1,715,700.3,546.4,
84924.4,18383.1,35164.2,708.5,686.7,546.5,
85712.2,18697.4,35889.4,740.2,699.2,559.8,
85626.6,18506.1,35653.8,710.4,696.1,547.4,
84320.7,18407.9,35422.9,726.7,684.2,548.6,
85662.6,18854,36157.2,725.1,713.1,549,
86413.4,18776,36176.3,719.1,706.9,558.3,
86503.6,18807.3,36014.6,715.2,696.8,561.4,
84316.1,18203.1,34940.6,693.6,672.3,542,
83891.8,18208.4,34864.8,697.6,677.6,543,
84031.7,18300,35017.2,700.8,672.1,543.6,
84577.8,18449,35137.3,695.2,681.9,549.8,
84926.4,18401.9,35202.7,701.1,686.5,544.7,
85345.1,18678.2,35564.8,706.6,686.7,545.2,
87319.5,19079.8,36302.8,712.9,702.7,551.6,
85544,18666.9,35605.3,712.7,680.7,549.1,
85830.7,18718.9,35766.9,706.4,686.8,544.3,
86128.4,18774.7,35769.3,708.5,689.8,543.9,
90387.1,19501.4,37312.4,736,718.1,570.3,
90230.5,19708.2,37468.9,743.3,713.7,559.8,
88700.2,19176.7,36685.4,723.2,703.7,560.3,
88997.7,19278,36775.7,735.5,704.2,554.8,
88229.7,19245.4,36839.3,714.7,706,556.5,
89071.4,19331.1,36876,719,698,558.2,
89146.3,19408.5,37016.5,725.8,703.2,562.2,
88902.2,19291.1,36940.1,719,705.1,558.6,
89145.4,19558.6,37147.7,723.3,707.2,558.8,
90260.2,19569.2,37393.9,727.4,708.8,564.3,
89767.2,19447.1,37188,719.4,697.4,555.6,
90164.7,19520.4,37378.6,724.2,704,564.4,
91046.6,19555.5,37562.7,727.7,709.6,568.5,
92024.9,19901.8,38020.7,737.6,720.6,568.4,
91340.4,19743.6,37792,730.5,716.3,560.4,
91236.2,19745.2,37901.4,728.2,702.5,562.1,
91618.3,19948.9,38027.2,731.4,712.2,565.4,
92351.2,19983.3,38119.2,734.7,715.7,575.5,
91600.9,19805.1,37908.2,727.1,720.9,564.7,
92641.6,20069.5,38220.1,734.2,722.1,564.4,
92752.3,20188.1,38570.9,739,724.5,572.8,
95297,20696.9,39296.6,746.6,727.7,578.3,
97355.9,20989,39967.8,790.6,764.2,587.5,
97170.8,20922.4,39942,758.1,736.2,584.5,
99392.8,21515.4,40884.2,770.6,764.1,600.6,
97790.4,21008.6,40542.9,759.3,750.6,594.2,
98763.1,21292.1,40874,772.9,749.9,609.1,
99707.8,21531.5,41086.3,783.6,757.7,604.9,
99761.1,21506,40902.2,773.3,750.6,594.8,
100206,21623.7,41409.7,776.6,760,603.3,
98299.1,21258.9,40458.7,751.9,734.9,588.6,
96928.4,20878.6,39959.2,748.1,735.2,580.9,
100627,21652.9,41399.8,778.8,756.1,604.2,
100198,21654.5,41191.3,771,761.9,596,
98149.9,21128,40330.6,758,733.8,587.9,
99019.4,21297.5,40670.2,765.6,747,594.1,
99302.6,21398.7,40922.1,789,751.7,590.7,
101487,21802,41660,779.1,769.2,602.6,
100911,21637.8,41636.2,773.2,757,598.2,
101015,21769.6,41561.5,771.4,755.6,601.1,
102348,21865.5,41850.8,772.5,783.5,602.2,
102531,22496.4,43171.6,786.7,786.4,605.5,
101142,21720.6,41259.1,766,741.3,592,
103111,22216.9,42355,791.6,757.6,604.1,
102651,21998,42155.8,781.5,757,596.3,
102705,22092,42697.2,779.3,774.8,605,
104549,22582.5,42939.7,788.3,768.4,612,
105352,22473.1,42924,789.1,767.9,611.5,
103116,22239.7,42403.5,777.8,762.4,605.1,
105416,22277.9,42553.9,794.1,768.5,616.2,
105363,22349.5,42734.1,781.7,759.2,601.3,
104888,22446.7,43080.7,779.9,759.9,603.5,
106238,22662.3,43236.7,788.1,781.1,606.6,
103578,22218.6,42389.9,772.2,757.9,598.6,
106193,22642.9,43505.7,793,768.4,615,
107370,23142,44113,816.3,771.1,613.8,
108085,23180.6,44447,812.5,781.1,619.6,
109541,23414.3,44854.8,819.8,792.5,628.1,
109821,23521.7,44940.5,807.6,815.6,636,
109315,23582.3,45114.9,818.4,795.5,640.6,
109818,23488.9,44852.5,813.9,787.9,624,
106942,22925.2,44184.8,804.4,792,620.9,
108617,23248.3,44515.6,799.2,783.2,633,
105492,22653.4,43447.2,782.5,768.4,626.8,
106325,22782.8,43518.6,785.2,763.1,607.5,
105930,22813.6,43624.4,781.2,769.6,614.3,
106670,22987.9,43747.5,785.8,769.1,615.6,
107685,23030.8,43959.4,789.7,767.7,612.3,
107706,23024.1,44014.8,816.7,795.1,620.3,
107758,23111.3,44296.5,790.4,774.2,613,
108002,23142.2,44309.8,794.9,770.1,613.5,
108422,23256.6,44373.6,791.2,773.8,611.6,
108632,23343.3,44500.6,789.5,769.5,612.7,
108794,23222.9,44713.1,789.5,780.8,614.9,
110562,23436.3,44767.1,789.5,780.6,615.3,
110240,23529.7,45050.5,799.9,778.8,618.8,
110306,23688.3,45112.7,793.5,786.7,624.8,
111170,23790.9,45436.9,803.9,793,622.4,
111463,23735,45439.4,808.7,793.2,624.9,
111783,23864.4,45699,799,788.3,624.9,
111093,23801.4,45431.5,795.4,793,624.2,
113645,24150.7,46310.7,804.9,800.1,629.8,
112029,23881,45763.2,797.4,788,628,
113833,24285.5,46549.3,819.2,809.6,637.6,
113321,24206.6,46276.4,802.9,791.2,625,
113186,24118.2,46098.8,800.3,804.3,626.2,
114068,24253.4,46284.2,809.9,794.6,632.4,
113654,24266.6,46405.1,805,795.3,628.9,
113834,24369.7,46579.4,808.9,798.5,632.5,
114240,24350.4,46634.3,808,793.6,630.5,
114588,24551.8,46903.2,833,817.6,630.6,
114993,24557.4,47083.8,810.4,799.5,632.6,
115608,24581.6,47048.1,814,795.7,631.2,
115491,24688.7,47221.7,817.5,806.9,637.2,
115794,24774.1,47195.8,818.1,801.2,638,
116458,24862.1,47558.3,823.9,809.4,633.6,
116396,24871.5,47566,824.6,805.8,634.1,
116881,25049.2,47773.6,823.6,803.6,638.8,
117116,24958.3,47776.3,824.6,806.3,638.2,
118001,25070.9,47910.6,825.6,810.4,637.2,
117839,25206.8,48275.3,826.4,810.5,638.5,
120759,25635,48994.9,858.8,825.2,659.7,
125113,26473,50769.5,863.7,846.3,668,
124183,26545.3,50727.4,854.3,832,667.1,
125459,26765.4,51081.9,866.2,848,681.6,
124132,26721.8,50906,859.2,841.6,673,
125957,26763.4,51424.3,915.8,850.7,676.9,
126605,26810.4,51211.1,869.1,854,674.3,
124837,26665.2,50371.9,858.9,837.7,678.1,
122357,25997.1,49518.5,850,826,652.2,
121316,25803.9,49335.1,839,824.5,652.3,
122112,26000.4,49457.8,839.6,825.4,652.6,
122186,25994.9,49756.3,849.5,833.6,653.6,
123514,26333.1,50395.3,852.6,846.7,659.5,
123676,26293.1,50531,848.6,830.4,658.6,
123439,26306.7,50322.3,853.2,835.4,661.1,
124526,26493.4,50601.5,857.7,836.8,663.9,
124524,26540.9,50586.5,861.2,833.4,660.6,
124468,26351.6,50501.9,853.4,830,657.5,
125356,26738.1,51269.6,875.6,839.9,664.3,
125456,26734.9,50723.4,850.7,831.1,665.1,
126158,26811.1,51119.6,856.2,836.5,663,
125615,26779.1,51163.7,863.6,838.4,664.3,
126360,27039.1,51488.6,869.1,837.3,668.2,
127181,26911.5,51314.4,858.8,834.4,670.3,
126863,26865.2,51389.7,855.5,845,680.7,
126870,27086.8,51693,863.2,834.4,665.5,
128677,27161.2,51997,864.7,842.9,670.1,
128865,27295.8,52512.3,872.6,858.2,676.4,
128090,27265.2,52102.9,865.4,843.2,671.5,
129305,27234.7,52172.2,892.7,852.9,665.9,
129533,27633.8,52697.8,881.1,851.3,676.2,
129473,27470.4,52587.4,872,849.7,674.7,
129983,27553.2,52717.1,869,849,685.5,
130139,27493.3,52659.2,873.6,849.3,675.3,
130965,27630.6,52839.6,878.2,841.9,671.9,
131281,27801,53161,879.8,861.8,689.5,
131050,27748.2,53278.9,883.9,853,684.2,
132602,27913.7,53701.9,880.8,864.9,686.9,
132370,28049.9,53543.4,878.1,854.9,677.2,
133476,28286.6,53802.3,887.8,862.2,688.6,
132868,28246.3,54061.3,878.2,857.4,680.5,
132746,28191.1,53679.9,880.5,863.8,680.8,
132713,28151.5,53944.8,883.5,859.3,699.1,
133809,28398.3,54137.7,888.7,871.8,684.3,
134888,28426.7,54370.1,887.5,857.4,680.4,
134822,28554.4,54523.1,891.6,894.4,690,
134731,28491.2,54642,890.4,877.4,684.8,
135070,28559.4,54714.4,891.8,897.5,688.8,
135042,28640.3,54950.2,892.8,874.5,700.4,
141166,29978.4,57596.1,933.9,920.1,743.4,
143480,29880.7,57506.7,937.2,912.8,717.7,
142955,30190.4,58043.6,941.7,920.3,748.4,
144756,30404,58308.9,945.8,934.7,731.6,
140833,29663.2,56976.5,914.2,893.3,714.9,
140001,29393.7,56306.1,906.5,883.7,700.1,
141597,30251.4,57654.2,923,908.2,714.9,
139822,29542.1,56691.3,907.2,899.1,703.2,
139622,29590.1,56409.7,901.7,888.5,696.7,
140047,29503.7,56308.5,904,880.7,700.8,
140839,29774,56956.2,910.5,907,708.1,
140702,29526.2,56677.4,905.9,888.8,706.1,
141099,29708.3,56983.5,909.8,883.8,707.3,
141459,29791.3,56959.5,914.3,892.5,703,
144428,30292,57975.8,920.7,934.8,723.8,
143613,30246.4,57722.9,925.2,902,716,
143408,30423,57711.7,924.7,906.3,717.4,
143545,30162.4,57440,909.8,892.5,706.5,
143949,30375.9,58013.3,929.5,909.1,716.9,
143794,30277.9,57992.9,941.3,918.7,738.6,
144331,30285.2,57904.6,918.9,903.5,713.2,
144705,30400.1,58281.6,922.4,901.9,714.9,
147063,30875.4,58970.3,933.2,911.1,718.2,
145647,30842,59123.4,930.7,915.3,719.2,
146807,30843.2,59387,927.6,930.5,724,
145733,30484.9,58610.1,922.9,907.5,713.6,
145644,30614.7,58756.2,920.5,900.9,717,
146287,30847.8,59044.7,928.3,903.6,712,
151686,31580.8,60692.8,966.4,967,762,
151616,31675.4,60535.2,938.5,925.3,755.1,
148851,31161.1,59401.8,928.7,911,726,
150760,31636.4,60191.6,933.8,922.8,728,
150017,31614,60429.1,929.6,914.7,724.9,
148503,31185.7,59948.8,933.6,923.4,732.2,
151972,31929.5,61092.2,949.3,950,742.1,
149759,31246.2,59917.2,926.3,926.8,724.3,
150504,31814.8,60704.3,938.5,926.8,732,
152814,32021.2,61224.5,951.8,931.1,734.5,
151878,32100.1,61350.1,949.2,935.1,748.1,
151604,31952.5,61023.9,939.5,916.9,727.7,
153093,32033.3,61452.1,949.2,933.4,745.4,
153184,32153.5,61470.5,983,961.7,767.3,
154542,32325.8,61990.8,955.4,937,747.5,
154104,32506,62222.2,962.2,968.3,743.4,
154724,32582,62173.7,965.1,946.5,736.6,
153996,32561,62272.1,959.8,936.7,745.6,
154989,32711,62012.9,955.2,931.8,735.6,
154603,32363.1,61649.3,954.8,927.6,736.4,
157274,33044.6,63044.5,970.8,958.5,750.7,
155510,32520.9,62241.3,958.4,941.7,738.9,
158900,33207.3,63591.3,969.1,946.2,755.1,
155830,32921.6,63025.7,961.8,937.6,743.4,
157711,33018.2,63061.1,964.8,939.6,742.1,
158679,33083.6,63389.1,969.6,942.4,750.7,
157164,33045.5,63214.5,968.8,953,746.4,
157603,33181,63324.9,964.4,949,747.1,
157227,32870.9,62762.5,959.3,931.9,737.8,
160044,33614.5,64327.5,982,956.5,750,
160427,33731.8,64293.6,977.4,962.9,755.1,
160599,33447.3,64117.2,973.9,960.2,751.3,
159805,33454.5,64032.4,974.2,952.3,744.6,
159882,33465.1,63871.8,974.3,947.5,756.7,
162775,33906.1,65054.3,1007.4,970,763.2,
161740,33709.1,64569.8,978.7,957.4,761.7,
161893,33876.9,64180,975,957.8,768.7,
163300,34142.9,65450.1,1003.9,961,758.1,
167262,34664.7,66259.3,1023.4,975.4,784.8,
167720,35042,67258.5,1008.4,987.5,780.2,
170624,35506.9,67652.3,1016.5,1001.3,820.5,
167112,34807.1,66664.6,1034.2,982.2,771.3,
166572,35086.9,66652.7,1007.7,992.3,775.3,
165090,34351.8,66067,1027.6,965.8,769.2,
166218,34365,65868.7,990.3,969.2,767.3,
165105,34532.2,66041.9,989.8,963.3,765.4,
167096,34821,66625.9,995.8,975.5,769.4,
164570,34529.4,65999.1,1031.9,977.2,769.9,
165999,34623.9,66439.5,996.1,982.6,765.9,
169292,35450,67398.1,1018.9,988.1,785.5,
166803,34830,66526.1,995.8,967.2,768.6,
168481,35345.2,67266.6,1004.1,975.9,774.8,
168125,35151.9,67278.9,1005.3,989.1,769.5,
167642,35146.9,67115.3,999.1,972.2,774.2,
168043,35233.8,67116.1,1000.2,984.8,776.8,
170564,35641.6,68196,1010.4,979.1,778.3,
170635,35671.5,68260.1,1008.9,988.4,788.4,
169665,35611.2,68122.7,1005.3,990.2,781.6,
170800,35768.1,68256.5,1010.5,988,786.4,
171688,36024.8,68820.8,1022.6,1000.2,783.3,
173715,36191,69526.3,1048.6,1029.1,794.4,
178055,37309,71194.5,1052.5,1022.7,803.8,
178438,37197.1,71217.7,1042.8,1009.4,803.5,
179047,37476.4,71613.8,1045.6,1048.7,833.2,
178184,37118.2,70750.6,1036.8,1005.8,809.8,
174499,36440.8,69604.8,1028.3,1005.2,795.8,
173555,36159.7,69167.1,1018.7,988.9,788.3,
173064,36056.3,69007.7,1017.2,990.1,791.8,
174110,36343.7,69329,1018.5,990.3,782.3,
175891,36897,69902,1029.7,987.7,790.7,
174902,36371.3,69508,1017.7,987.9,787.2,
183917,38171.8,72821,1066.1,1061.9,839.4,
180570,37915.6,72037.3,1062.4,1063.1,807.3,
179447,37463.8,71783.1,1044.6,1016.1,807.3,
184560,38522.9,73528.2,1082.1,1048.8,823.3,
182327,37883.4,72351.2,1058.6,1036.2,813.7,
185452,38670.4,73598.8,1111.3,1039.2,837.5,
187881,38930.9,74024.9,1072.6,1035.2,820.6,
178699,37309.2,71089.6,1036.4,1008.8,795,
181996,37795.3,72460.1,1078,1039,807.1,
180974,37509,71376.7,1039.4,1009.7,799.6,
182657,37754,71785.2,1053.6,1026.5,803.6,
180897,37726.1,71382.2,1048.5,997.8,797.1,
180460,37526.3,71785.7,1042.2,1006.4,797.5,
179921,37461,71586.3,1035.6,1011.3,796,
182185,37844.1,72024.2,1045.4,1012.5,804.1,
181902,37687.7,71800.3,1042.1,1007.9,810.2,
183338,38043.8,72190,1062.7,1021.9,800.4,
181795,37993,72277.2,1040.5,1009.2,800,
183309,38188.9,72533.2,1041.4,1014.2,810.7,
187646,39158.6,74354.9,1068.3,1040.1,819.8,
185218,38369.8,73101.7,1056.7,1021.1,814.4,
186880,38561.6,73802.9,1070.4,1028.9,840.3,
185113,38377.1,73194.6,1053.2,1019.6,811.6,
185969,38701.2,73671.9,1065.1,1040.9,816,
186278,38475.1,73219.5,1049.6,1024.6,806.5,
188041,38927.2,74128.7,1057.8,1026.1,826.8,
188048,38836.6,74084,1063.3,1027,820,
187661,38819.7,74007.7,1092,1027.3,817.9,
186882,39185.7,74145.5,1055.2,1023.4,819.2,
188324,39121.9,74698.9,1061.2,1030.7,826.5,
188002,38985.1,74304.9,1057.9,1023.3,822.4,
189889,39352.2,75129.9,1064.6,1045.9,823.6,
197100,40667.1,76969.5,1097.6,1068.8,884.5,
198050,41197.2,78447.2,1119.6,1070.6,880.2,
197355,41103.1,78084.6,1100.3,1078.8,851.3,
191322,39790.6,76433.3,1077.2,1054.3,835.1,
196047,40565.2,77876.2,1091.2,1073.7,850.9,
193464,40046.9,76031.2,1068,1046.5,836.2,
194525,40557.2,76978.7,1083.2,1066.2,836.6,
